Id,SalePrice,PredictedSalePrice
1461,120255.46679733385,120255.46679733385
1462,151748.98848303972,151748.98848303972
1463,210810.94352589597,210810.94352589597
1464,208170.52818800465,208170.52818800465
1465,188189.2173755049,188189.2173755049
1466,213556.97547730294,213556.97547730294
1467,150439.91485789733,150439.91485789733
1468,193489.81890932898,193489.81890932898
1469,180943.34530587943,180943.34530587943
1470,118776.83420811471,118776.83420811471
1471,194209.3643458971,194209.3643458971
1472,143555.0641213385,143555.0641213385
1473,126717.85107983008,126717.85107983008
1474,192539.2693876881,192539.2693876881
1475,113918.46998639472,113918.46998639472
1476,285270.6560544309,285270.6560544309
1477,188145.04588298523,188145.04588298523
1478,204410.0043643957,204410.0043643957
1479,217506.4644403366,217506.4644403366
1480,323503.87014709704,323503.87014709704
1481,276398.86051911605,276398.86051911605
1482,197694.71259191362,197694.71259191362
1483,164909.39090954172,164909.39090954172
1484,173930.97455089184,173930.97455089184
1485,183878.70707940462,183878.70707940462
1486,221795.0713315238,221795.0713315238
1487,272235.6410994859,272235.6410994859
1488,221458.45063293542,221458.45063293542
1489,181640.98733753446,181640.98733753446
1490,208045.14071644755,208045.14071644755
1491,213979.44193136555,213979.44193136555
1492,132506.99396514954,132506.99396514954
1493,182864.21520720262,182864.21520720262
1494,258927.94779651376,258927.94779651376
1495,245831.48772057286,245831.48772057286
1496,210157.4729867606,210157.4729867606
1497,244124.34827584613,244124.34827584613
1498,193428.373788333,193428.373788333
1499,193428.373788333,193428.373788333
1500,197230.5718748965,197230.5718748965
1501,226380.75720521653,226380.75720521653
1502,180754.38016645474,180754.38016645474
1503,217002.7820072366,217002.7820072366
1504,233940.9818858238,233940.9818858238
1505,182652.98198017132,182652.98198017132
1506,190318.82327429423,190318.82327429423
1507,274347.973369799,274347.973369799
1508,252170.98176107716,252170.98176107716
1509,170885.36638741422,170885.36638741422
1510,141504.1769720214,141504.1769720214
1511,125386.50936708113,125386.50936708113
1512,184554.08102345307,184554.08102345307
1513,212542.48360510092,212542.48360510092
1514,123797.63038790954,123797.63038790954
1515,284995.4804768384,284995.4804768384
1516,189412.44524517306,189412.44524517306
1517,144758.5211329652,144758.5211329652
1518,166555.08523327246,166555.08523327246
1519,181385.58261798348,181385.58261798348
1520,118415.81287504808,118415.81287504808
1521,125069.65952653419,125069.65952653419
1522,178258.75847546844,178258.75847546844
1523,138905.43589708465,138905.43589708465
1524,137999.05786796345,137999.05786796345
1525,100355.37196387153,100355.37196387153
1526,129972.19524077387,129972.19524077387
1527,129655.34540022691,129655.34540022691
1528,126970.75856981592,126970.75856981592
1529,135484.03000162923,135484.03000162923
1530,172958.15694164438,172958.15694164438
1531,192453.05894952037,192453.05894952037
1532,124480.13133795996,124480.13133795996
1533,139961.60203224118,139961.60203224118
1534,129822.40713473855,129822.40713473855
1535,170167.95349771774,170167.95349771774
1536,129188.70745364463,129188.70745364463
1537,113496.0035323321,113496.0035323321
1538,190468.6113803296,190468.6113803296
1539,291988.4450564781,291988.4450564781
1540,235417.11724547777,235417.11724547777
1541,194567.8884493986,194567.8884493986
1542,181638.49010796932,181638.49010796932
1543,229799.66587110682,229799.66587110682
1544,106419.6904267834,106419.6904267834
1545,145180.9875870278,145180.9875870278
1546,137701.97888545794,137701.97888545794
1547,164845.4485589806,164845.4485589806
1548,160937.63385890145,160937.63385890145
1549,135464.2591435878,135464.2591435878
1550,159373.15551420808,159373.15551420808
1551,138421.52432202606,138421.52432202606
1552,190677.34737779573,190677.34737779573
1553,176146.42620515538,176146.42620515538
1554,137532.41992138117,137532.41992138117
1555,201980.8222535357,201980.8222535357
1556,140659.24406389619,140659.24406389619
1557,144714.34964044552,144714.34964044552
1558,94757.69144754196,94757.69144754196
1559,182439.25152357484,182439.25152357484
1560,230435.86278176584,230435.86278176584
1561,190635.6731148412,190635.6731148412
1562,91906.04288261934,91906.04288261934
1563,116875.735164833,116875.735164833
1564,142707.63398364812,142707.63398364812
1565,135545.47512262518,135545.47512262518
1566,223867.86188575398,223867.86188575398
1567,105469.14090514253,105469.14090514253
1568,220061.03402275368,220061.03402275368
1569,167188.78491436638,167188.78491436638
1570,111128.26654246807,111128.26654246807
1571,159395.0589191212,159395.0589191212
1572,121478.694667002,121478.694667002
1573,212819.79172956504,212819.79172956504
1574,162163.35895813475,162163.35895813475
1575,218587.03120997138,218587.03120997138
1576,229082.61766410383,229082.61766410383
1577,182063.45379159707,182063.45379159707
1578,177689.00114493564,177689.00114493564
1579,127543.01312991386,127543.01312991386
1580,217464.79017738203,217464.79017738203
1581,119747.15458779703,119747.15458779703
1582,90216.17706636891,90216.17706636891
1583,247671.14164285865,247671.14164285865
1584,232418.177804085,232418.177804085
1585,143112.82680923445,143112.82680923445
1586,93217.61373732684,93217.61373732684
1587,102467.70423418458,102467.70423418458
1588,124013.49339137766,124013.49339137766
1589,143913.58822484,143913.58822484
1590,113451.83203981242,113451.83203981242
1591,99087.97260168371,99087.97260168371
1592,189879.08319175534,189879.08319175534
1593,116030.80225670777,116030.80225670777
1594,248553.11903750157,248553.11903750157
1595,173653.30174373428,173653.30174373428
1596,208737.78828897228,208737.78828897228
1597,212834.93281116962,212834.93281116962
1598,213240.12563675598,213240.12563675598
1599,162757.5169231458,162757.5169231458
1600,178789.33877261187,178789.33877261187
1601,110582.90984641353,110582.90984641353
1602,142540.57224913652,142540.57224913652
1603,98243.03969355849,98243.03969355849
1604,226844.89792223368,226844.89792223368
1605,241122.91160488818,241122.91160488818
1606,160790.34298243126,160790.34298243126
1607,212898.87516173074,212898.87516173074
1608,167232.95640688608,167232.95640688608
1609,181218.52088347185,181218.52088347185
1610,191271.87002550028,191271.87002550028
1611,159122.38057109393,159122.38057109393
1612,176104.75194220088,176104.75194220088
1613,167021.72317985477,167021.72317985477
1614,125430.68085960083,125430.68085960083
1615,126717.85107983008,126717.85107983008
1616,126717.85107983008,126717.85107983008
1617,126717.85107983008,126717.85107983008
1618,90004.9438393376,90004.9438393376
1619,113601.62014584776,113601.62014584776
1620,336136.55418871425,336136.55418871425
1621,145940.07473967882,145940.07473967882
1622,125426.051083164,125426.051083164
1623,229188.2342776195,229188.2342776195
1624,228554.53459652557,228554.53459652557
1625,118776.83420811471,118776.83420811471
1626,148600.26093561156,148600.26093561156
1627,208592.99464206726,208592.99464206726
1628,251957.25130448068,251957.25130448068
1629,210705.32691238032,210705.32691238032
1630,347292.0088225971,347292.0088225971
1631,209101.30685160408,209101.30685160408
1632,236139.1599116111,236139.1599116111
1633,184723.63998752984,184723.63998752984
1634,211550.25982050554,211550.25982050554
1635,198876.2661986272,198876.2661986272
1636,150756.76469844428,150756.76469844428
1637,243024.01064816993,243024.01064816993
1638,227348.5803553337,227348.5803553337
1639,201558.3557994731,201558.3557994731
1640,293147.73057558516,293147.73057558516
1641,205360.55388603656,205360.55388603656
1642,237743.1799723873,237743.1799723873
1643,236687.01383723077,236687.01383723077
1644,230033.1671857447,230033.1671857447
1645,196277.52512369046,196277.52512369046
1646,142941.13529828604,142941.13529828604
1647,151073.61453899124,151073.61453899124
1648,163939.0705298594,163939.0705298594
1649,122281.95331217269,122281.95331217269
1650,88948.77770418108,88948.77770418108
1651,88948.77770418108,88948.77770418108
1652,143555.0641213385,143555.0641213385
1653,143555.0641213385,143555.0641213385
1654,202255.9978311281,202255.9978311281
1655,164425.47933448313,164425.47933448313
1656,192539.2693876881,192539.2693876881
1657,202255.9978311281,202255.9978311281
1658,192539.2693876881,192539.2693876881
1659,113918.46998639472,113918.46998639472
1660,115986.63076418808,115986.63076418808
1661,330980.74630179524,330980.74630179524
1662,322870.1704660031,322870.1704660031
1663,238418.55391643575,238418.55391643575
1664,349107.26211040455,349107.26211040455
1665,208423.4356779905,208423.4356779905
1666,213281.7998997105,213281.7998997105
1667,249061.4312470384,249061.4312470384
1668,209162.75197260006,209162.75197260006
1669,214698.98736793365,214698.98736793365
1670,216027.83185111746,216027.83185111746
1671,210958.23440236616,210958.23440236616
1672,284044.93095519755,284044.93095519755
1673,291691.36607397255,291691.36607397255
1674,194693.27592095567,194693.27592095567
1675,196427.31322972578,196427.31322972578
1676,218862.20678756377,218862.20678756377
1677,196427.31322972578,196427.31322972578
1678,329885.0384505559,329885.0384505559
1679,271118.0298433334,271118.0298433334
1680,251981.65193895894,251981.65193895894
1681,206777.74135425972,206777.74135425972
1682,205888.63695361483,205888.63695361483
1683,201391.29406496146,201391.29406496146
1684,192539.2693876881,192539.2693876881
1685,196130.2342472203,196130.2342472203
1686,181852.22056456577,181852.22056456577
1687,183878.70707940462,183878.70707940462
1688,210916.56013941162,210916.56013941162
1689,207114.36205284813,207114.36205284813
1690,196024.61763370465,196024.61763370465
1691,180498.97544690373,180498.97544690373
1692,222490.2161336137,222490.2161336137
1693,183878.70707940462,183878.70707940462
1694,198665.03297159597,198665.03297159597
1695,189793.23743628114,189793.23743628114
1696,255020.1330964346,255020.1330964346
1697,189793.23743628114,189793.23743628114
1698,294626.3631648043,294626.3631648043
1699,242960.0682976088,242960.0682976088
1700,256437.32056465777,256437.32056465777
1701,274497.7614758343,274497.7614758343
1702,204198.77113736438,204198.77113736438
1703,213873.8253178499,213873.8253178499
1704,204832.4708184583,204832.4708184583
1705,176315.98516923218,176315.98516923218
1706,315985.3197294443,315985.3197294443
1707,176738.45162329476,176738.45162329476
1708,173147.4867637626,173147.4867637626
1709,186666.4132937661,186666.4132937661
1710,205932.8084461345,205932.8084461345
1711,228343.30136949426,228343.30136949426
1712,218985.09702955573,218985.09702955573
1713,200607.80627783222,200607.80627783222
1714,189095.5954046261,189095.5954046261
1715,213345.74225027164,213345.74225027164
1716,140025.54438280227,140025.54438280227
1717,131893.06514209707,131893.06514209707
1718,133688.54757186316,133688.54757186316
1719,230138.78379926036,230138.78379926036
1720,184765.31425048437,184765.31425048437
1721,129041.41657717444,129041.41657717444
1722,129041.41657717444,129041.41657717444
1723,142729.90207125474,142729.90207125474
1724,206144.0416731658,206144.0416731658
1725,234952.97652846065,234952.97652846065
1726,221478.22149097684,221478.22149097684
1727,193681.28127831884,193681.28127831884
1728,201411.06492300288,201411.06492300288
1729,186624.73903081156,186624.73903081156
1730,195916.50379062383,195916.50379062383
1731,101200.30487199675,101200.30487199675
1732,88948.77770418108,88948.77770418108
1733,116875.735164833,116875.735164833
1734,132801.94040078338,132801.94040078338
1735,94018.37515293239,94018.37515293239
1736,94018.37515293239,94018.37515293239
1737,265711.81169599376,265711.81169599376
1738,224118.63682886816,224118.63682886816
1739,356139.4037234336,356139.4037234336
1740,248982.71249756616,248982.71249756616
1741,199892.8906177009,199892.8906177009
1742,226380.75720521653,226380.75720521653
1743,192116.8029336255,192116.8029336255
1744,231914.49537098498,231914.49537098498
1745,223084.3740986247,223084.3740986247
1746,274770.4398238616,274770.4398238616
1747,257071.0202457517,257071.0202457517
1748,261735.42486891666,261735.42486891666
1749,166176.79027172955,166176.79027172955
1750,126125.8256616907,126125.8256616907
1751,238796.84887797866,238796.84887797866
1752,116875.735164833,116875.735164833
1753,176991.3591132806,176991.3591132806
1754,228510.36310400587,228510.36310400587
1755,164486.9244554791,164486.9244554791
1756,120044.23357030255,120044.23357030255
1757,88948.77770418108,88948.77770418108
1758,141545.85123497594,141545.85123497594
1759,207578.50276986527,207578.50276986527
1760,150059.12266678928,150059.12266678928
1761,147841.17378296057,147841.17378296057
1762,236854.0755717424,236854.0755717424
1763,136220.84906667366,136220.84906667366
1764,127014.93006233562,127014.93006233562
1765,204220.67454227747,204220.67454227747
1766,178533.93405306086,178533.93405306086
1767,218501.18545449714,218501.18545449714
1768,118521.42948856374,118521.42948856374
1769,151748.98848303972,151748.98848303972
1770,129422.20876828252,129422.20876828252
1771,124647.19307247158,124647.19307247158
1772,143658.183505289,143658.183505289
1773,124435.95984544027,124435.95984544027
1774,194226.63797437339,194226.63797437339
1775,109860.86718028024,109860.86718028024
1776,143068.65531671478,143068.65531671478
1777,109376.95560522168,109376.95560522168
1778,134513.70962194694,134513.70962194694
1779,167107.56893532898,167107.56893532898
1780,172661.07795913884,172661.07795913884
1781,124435.95984544027,124435.95984544027
1782,109271.33899170603,109271.33899170603
1783,139939.69862732803,139939.69862732803
1784,135358.64253007216,135358.64253007216
1785,111550.73299653069,111550.73299653069
1786,276123.68494152365,276123.68494152365
1787,175638.11399561854,175638.11399561854
1788,88887.33258318511,88887.33258318511
1789,114974.63612155124,114974.63612155124
1790,143810.4688408895,143810.4688408895
1791,237357.75800484238,237357.75800484238
1792,157135.43577233795,157135.43577233795
1793,107537.3016829359,107537.3016829359
1794,126064.38054069475,126064.38054069475
1795,114402.3815614533,114402.3815614533
1796,146237.15372218433,146237.15372218433
1797,117359.64673989156,117359.64673989156
1798,107642.91829645155,107642.91829645155
1799,102934.34218076686,102934.34218076686
1800,122640.47741567418,122640.47741567418
1801,151451.90950053418,151451.90950053418
1802,155592.86083255772,155592.86083255772
1803,174201.15566935396,174201.15566935396
1804,125008.21440553822,125008.21440553822
1805,108065.38475051415,108065.38475051415
1806,143235.71705122638,143235.71705122638
1807,202464.73382859424,202464.73382859424
1808,149319.8063721797,149319.8063721797
1809,179695.71680173304,179695.71680173304
1810,175935.19297812408,175935.19297812408
1811,176799.89674429072,176799.89674429072
1812,150523.2633838064,150523.2633838064
1813,151643.37186952407,151643.37186952407
1814,116558.88532428604,116558.88532428604
1815,118187.3060195405,118187.3060195405
1816,109271.33899170603,109271.33899170603
1817,184554.08102345307,184554.08102345307
1818,237045.5379407323,237045.5379407323
1819,133730.22183481767,133730.22183481767
1820,111806.13771608166,111806.13771608166
1821,154008.61162982293,154008.61162982293
1822,130411.93532331275,130411.93532331275
1823,109799.42205928429,109799.42205928429
1824,148939.01418107163,148939.01418107163
1825,199762.873369707,199762.873369707
1826,118310.19626153243,118310.19626153243
1827,130711.51153538344,130711.51153538344
1828,192158.47719658003,192158.47719658003
1829,138843.99077608867,138843.99077608867
1830,211803.16731049135,211803.16731049135
1831,230391.69128924617,230391.69128924617
1832,221898.19071547428,221898.19071547428
1833,200986.1012393751,200986.1012393751
1834,148410.93111349337,148410.93111349337
1835,151849.97532011854,151849.97532011854
1836,173653.30174373428,173653.30174373428
1837,147759.95780392317,147759.95780392317
1838,159564.61788319796,159564.61788319796
1839,99977.07700232862,99977.07700232862
1840,179189.9018217614,179189.9018217614
1841,174670.2908455014,174670.2908455014
1842,114591.7113835715,114591.7113835715
1843,122493.18653920399,122493.18653920399
1844,106903.60200184198,106903.60200184198
1845,184509.90953093336,184509.90953093336
1846,117887.72980746982,117887.72980746982
1847,202189.55825100184,202189.55825100184
1848,95329.9460076399,95329.9460076399
1849,171690.75757945655,171690.75757945655
1850,138949.60738960432,138949.60738960432
1851,184490.13867289195,184490.13867289195
1852,112712.51574520285,112712.51574520285
1853,163791.7796533892,163791.7796533892
1854,179297.65098214868,179297.65098214868
1855,180626.49546533247,180626.49546533247
1856,237215.09690480903,237215.09690480903
1857,182692.15901356068,182692.15901356068
1858,176605.93714573572,176605.93714573572
1859,159267.53890069242,159267.53890069242
1860,155425.7990980461,155425.7990980461
1861,156943.97340334812,156943.97340334812
1862,317776.537065467,317776.537065467
1863,317776.537065467,317776.537065467
1864,317776.537065467,317776.537065467
1865,244674.33474833748,244674.33474833748
1866,206733.56986174005,206733.56986174005
1867,180118.18325579565,180118.18325579565
1868,219196.33025658704,219196.33025658704
1869,189245.38351066143,189245.38351066143
1870,185443.18542409796,185443.18542409796
1871,183286.68166126523,183286.68166126523
1872,188948.30452815592,188948.30452815592
1873,224541.10328293077,224541.10328293077
1874,102256.47100715328,102256.47100715328
1875,179590.1001882174,179590.1001882174
1876,225914.11925863425,225914.11925863425
1877,177583.38453142,177583.38453142
1878,182652.98198017132,182652.98198017132
1879,93490.29208535413,93490.29208535413
1880,122156.5658406156,122156.5658406156
1881,195221.35898853393,195221.35898853393
1882,241501.2065664311,241501.2065664311
1883,220950.13842339857,220950.13842339857
1884,236264.54738316816,236264.54738316816
1885,212797.88832465193,212797.88832465193
1886,218140.1641214305,218140.1641214305
1887,174731.7359664974,174731.7359664974
1888,194270.80946689306,194270.80946689306
1889,186202.27257674895,186202.27257674895
1890,119049.512556142,119049.512556142
1891,138843.99077608867,138843.99077608867
1892,90216.17706636891,90216.17706636891
1893,142179.55091606986,142179.55091606986
1894,118516.79971212693,118516.79971212693
1895,190384.89817172702,190384.89817172702
1896,134786.3879699742,134786.3879699742
1897,145306.3750585849,145306.3750585849
1898,142560.34310717793,142560.34310717793
1899,127815.69147794115,127815.69147794115
1900,127393.22502387853,127393.22502387853
1901,204812.69996041685,204812.69996041685
1902,160072.93009273478,160072.93009273478
1903,244836.76670641228,244836.76670641228
1904,143068.65531671478,143068.65531671478
1905,189940.52831275132,189940.52831275132
1906,185927.09699915652,185927.09699915652
1907,212689.77448157113,212689.77448157113
1908,134619.3262354626,134619.3262354626
1909,169114.28459212638,169114.28459212638
1910,169114.28459212638,169114.28459212638
1911,248093.60809692126,248093.60809692126
1912,274856.2855793358,274856.2855793358
1913,198195.8977954485,198195.8977954485
1914,86035.68401826249,86035.68401826249
1915,227056.13114926498,227056.13114926498
1916,139099.39549563965,139099.39549563965
1917,255486.7710430169,255486.7710430169
1918,123423.96520280343,123423.96520280343
1919,175240.04817603418,175240.04817603418
1920,221458.45063293542,221458.45063293542
1921,240108.4197326862,240108.4197326862
1922,198389.8573940035,198389.8573940035
1923,275025.84454341256,275025.84454341256
1924,194968.45149854812,194968.45149854812
1925,251473.3397294221,251473.3397294221
1926,261909.61360943026,261909.61360943026
1927,104157.57005043501,104157.57005043501
1928,173358.7199907939,173358.7199907939
1929,109693.80544576864,109693.80544576864
1930,140850.70643288607,140850.70643288607
1931,118882.45082163037,118882.45082163037
1932,147313.0907153823,147313.0907153823
1933,155823.86491763045,155823.86491763045
1934,208170.52818800465,208170.52818800465
1935,194017.90197690725,194017.90197690725
1936,208170.52818800465,208170.52818800465
1937,211550.25982050554,211550.25982050554
1938,171246.38772048085,171246.38772048085
1939,244885.5679753688,244885.5679753688
1940,188189.2173755049,188189.2173755049
1941,211233.40997995858,211233.40997995858
1942,219260.27260714813,219260.27260714813
1943,194209.3643458971,194209.3643458971
1944,274326.06996488594,274326.06996488594
1945,251981.65193895894,251981.65193895894
1946,153374.91194872902,153374.91194872902
1947,233604.36118723542,233604.36118723542
1948,195919.001020189,195919.001020189
1949,231280.79568989106,231280.79568989106
1950,158149.92764453997,158149.92764453997
1951,243065.68491112447,243065.68491112447
1952,213281.7998997105,213281.7998997105
1953,152974.713582273,152974.713582273
1954,254641.83813489167,254641.83813489167
1955,149531.039599211,149531.039599211
1956,310785.70503269904,310785.70503269904
1957,205510.3419920719,205510.3419920719
1958,257977.3982748729,257977.3982748729
1959,213787.97956237567,213787.97956237567
1960,124480.13133795996,124480.13133795996
1961,88948.77770418108,88948.77770418108
1962,143555.0641213385,143555.0641213385
1963,143555.0641213385,143555.0641213385
1964,176274.31090627762,176274.31090627762
1965,164612.31192703618,164612.31192703618
1966,164425.47933448313,164425.47933448313
1967,192158.47719658003,192158.47719658003
1968,271073.85835081374,271073.85835081374
1969,258952.348430992,258952.348430992
1970,301068.976589259,301068.976589259
1971,305504.8743569164,305504.8743569164
1972,284953.8062138839,284953.8062138839
1973,231362.0116689285,231362.0116689285
1974,257132.46536674767,257132.46536674767
1975,328111.4594257029,328111.4594257029
1976,219346.11836262236,219346.11836262236
1977,290612.9318512095,290612.9318512095
1978,294943.21300535125,294943.21300535125
1979,250080.5528956772,250080.5528956772
1980,197377.86275136666,197377.86275136666
1981,243109.85640364414,243109.85640364414
1982,194737.44741347537,194737.44741347537
1983,194737.44741347537,194737.44741347537
1984,238421.0511460009,238421.0511460009
1985,206672.12474074407,206672.12474074407
1986,219451.73497613802,219451.73497613802
1987,184598.25251597274,184598.25251597274
1988,198770.64958511162,198770.64958511162
1989,220422.0553558203,220422.0553558203
1990,220589.11709033194,220589.11709033194
1991,196427.31322972578,196427.31322972578
1992,238588.11288051252,238588.11288051252
1993,188103.3716200307,188103.3716200307
1994,256076.29923159114,256076.29923159114
1995,213134.50902324033,213134.50902324033
1996,271012.41322981776,271012.41322981776
1997,240233.80720424326,240233.80720424326
1998,264866.87878786854,264866.87878786854
1999,235269.8263690076,235269.8263690076
2000,274981.6730508929,274981.6730508929
2001,242874.22254213458,242874.22254213458
2002,191736.01074251742,191736.01074251742
2003,249002.48335560758,249002.48335560758
2004,236687.01383723077,236687.01383723077
2005,179273.25034767043,179273.25034767043
2006,169978.98835829302,169978.98835829302
2007,200396.57305080091,200396.57305080091
2008,181640.98733753446,181640.98733753446
2009,217887.25663144464,217887.25663144464
2010,214401.90838542816,214401.90838542816
2011,121795.54450754896,121795.54450754896
2012,147799.49952000604,147799.49952000604
2013,208698.61125558292,208698.61125558292
2014,216197.3908151942,216197.3908151942
2015,213768.20870433425,213768.20870433425
2016,215880.5409746473,215880.5409746473
2017,222217.5377855864,222217.5377855864
2018,101622.77132605936,101622.77132605936
2019,88948.77770418108,88948.77770418108
2020,91694.80965558803,91694.80965558803
2021,88948.77770418108,88948.77770418108
2022,176104.75194220088,176104.75194220088
2023,170462.8999333516,170462.8999333516
2024,294203.8967107417,294203.8967107417
2025,305082.4079028538,305082.4079028538
2026,212419.59336310902,212419.59336310902
2027,193428.373788333,193428.373788333
2028,200018.27808925798,200018.27808925798
2029,202361.61444464375,202361.61444464375
2030,225999.96501410846,225999.96501410846
2031,205596.18774754612,205596.18774754612
2032,189181.4411601003,189181.4411601003
2033,217445.01931934062,217445.01931934062
2034,187047.20548487417,187047.20548487417
2035,227709.60168840035,227709.60168840035
2036,206269.4291447229,206269.4291447229
2037,208487.3780285516,208487.3780285516
2038,319428.99371250626,319428.99371250626
2039,198097.4081879348,198097.4081879348
2040,363385.27579305903,363385.27579305903
2041,228935.32678763365,228935.32678763365
2042,230138.78379926036,230138.78379926036
2043,147860.944641002,147860.944641002
2044,167230.4591773209,167230.4591773209
2045,168244.9510495229,168244.9510495229
2046,168773.03411710117,168773.03411710117
2047,138080.27384700085,138080.27384700085
2048,95391.39112863586,95391.39112863586
2049,123797.63038790954,123797.63038790954
2050,159837.29623122525,159837.29623122525
2051,132718.22719218084,132718.22719218084
2052,115352.93108309417,115352.93108309417
2053,115775.39753715678,115775.39753715678
2054,121311.63293249038,121311.63293249038
2055,183075.44843423393,183075.44843423393
2056,138905.43589708465,138905.43589708465
2057,107114.83522887329,107114.83522887329
2058,220800.35031736325,220800.35031736325
2059,121901.16112106461,121901.16112106461
2060,205087.87553800928,205087.87553800928
2061,163514.10684623165,163514.10684623165
2062,114296.76494793764,114296.76494793764
2063,118776.83420811471,118776.83420811471
2064,133054.84789076925,133054.84789076925
2065,125958.7639271791,125958.7639271791
2066,214126.7328078357,214126.7328078357
2067,197142.2288898571,197142.2288898571
2068,161863.78274606407,161863.78274606407
2069,145330.77569306316,145330.77569306316
2070,120105.67869129853,120105.67869129853
2071,96597.34536982773,96597.34536982773
2072,149361.4806351342,149361.4806351342
2073,121648.25363107878,121648.25363107878
2074,149953.50605327362,149953.50605327362
2075,111867.58283707764,111867.58283707764
2076,118143.13452702083,118143.13452702083
2077,144038.97569639707,144038.97569639707
2078,106164.28570723241,106164.28570723241
2079,164486.9244554791,164486.9244554791
2080,129549.72878671126,129549.72878671126
2081,104747.09823900922,104747.09823900922
2082,131402.0265610365,131402.0265610365
2083,179103.69138359366,179103.69138359366
2084,112756.68723772254,112756.68723772254
2085,115669.78092364113,115669.78092364113
2086,117359.64673989156,117359.64673989156
2087,137426.8033078655,137426.8033078655
2088,169261.57546859654,169261.57546859654
2089,96597.34536982773,96597.34536982773
2090,137235.34093887563,137235.34093887563
2091,193425.87655876786,193425.87655876786
2092,227901.0640573902,227901.0640573902
2093,209395.88860454445,209395.88860454445
2094,134091.24316788433,134091.24316788433
2095,176738.45162329476,176738.45162329476
2096,120572.31663788081,120572.31663788081
2097,111761.96622356199,111761.96622356199
2098,156015.32728662033,156015.32728662033
2099,96535.90024883176,96535.90024883176
2100,136938.26195637012,136938.26195637012
2101,168984.26734413247,168984.26734413247
2102,150840.11322435335,150840.11322435335
2103,133035.0770327278,133035.0770327278
2104,245345.07891594913,245345.07891594913
2105,174034.09393484233,174034.09393484233
2106,140322.6233653078,140322.6233653078
2107,232732.5304150668,232732.5304150668
2108,129549.72878671126,129549.72878671126
2109,141061.93965991738,141061.93965991738
2110,146342.77033569998,146342.77033569998
2111,187553.02046484585,187553.02046484585
2112,208634.6689050218,208634.6689050218
2113,125492.12598059679,125492.12598059679
2114,147629.94055592926,147629.94055592926
2115,187975.48691890846,187975.48691890846
2116,125853.14731366344,125853.14731366344
2117,183181.06504774958,183181.06504774958
2118,194737.44741347537,194737.44741347537
2119,104685.65311801327,104685.65311801327
2120,126125.8256616907,126125.8256616907
2121,120255.46679733385,120255.46679733385
2122,145603.45404109042,145603.45404109042
2123,138888.16226860834,138888.16226860834
2124,209329.81370711167,209329.81370711167
2125,198028.83606093688,198028.83606093688
2126,178384.1459470255,178384.1459470255
2127,178762.44090856845,178762.44090856845
2128,167633.15477334207,167633.15477334207
2129,134663.49772798226,134663.49772798226
2130,145684.6700201278,145684.6700201278
2131,205105.14916648556,205105.14916648556
2132,191146.48255394318,191146.48255394318
2133,135464.2591435878,135464.2591435878
2134,155615.1289201643,155615.1289201643
2135,133712.9482063414,133712.9482063414
2136,167021.72317985477,167021.72317985477
2137,109015.93427215502,109015.93427215502
2138,111233.88315598373,111233.88315598373
2139,113451.83203981242,113451.83203981242
2140,102467.70423418458,102467.70423418458
2141,106903.60200184198,106903.60200184198
2142,111022.64992895242,111022.64992895242
2143,144547.28790593392,144547.28790593392
2144,118098.96303450112,118098.96303450112
2145,99087.97260168371,99087.97260168371
2146,179022.47540455626,179022.47540455626
2147,206839.1864752557,206839.1864752557
2148,181893.8948275203,181893.8948275203
2149,93173.44224480717,93173.44224480717
2150,186032.71361267217,186032.71361267217
2151,139583.30707069824,139583.30707069824
2152,185949.0004040696,185949.0004040696
2153,157071.49342177686,157071.49342177686
2154,116875.735164833,116875.735164833
2155,145411.99167210056,145411.99167210056
2156,308039.6730812921,308039.6730812921
2157,210494.093685349,210494.093685349
2158,243191.07238268154,243191.07238268154
2159,253902.5218402821,253902.5218402821
2160,181977.60803612287,181977.60803612287
2161,195643.82544259654,195643.82544259654
2162,265456.4069764428,265456.4069764428
2163,225280.41957754034,225280.41957754034
2164,184659.69763696872,184659.69763696872
2165,226528.04808168672,226528.04808168672
2166,102256.47100715328,102256.47100715328
2167,174837.35258001304,174837.35258001304
2168,225808.5026451186,225808.5026451186
2169,213240.12563675598,213240.12563675598
2170,231300.56654793254,231300.56654793254
2171,121689.9278940333,121689.9278940333
2172,125027.98526357966,125027.98526357966
2173,217550.63593285627,217550.63593285627
2174,266998.98191622307,266998.98191622307
2175,244397.02662387342,244397.02662387342
2176,213704.2663537731,213704.2663537731
2177,256604.3822991694,256604.3822991694
2178,225069.18635050903,225069.18635050903
2179,143112.82680923445,143112.82680923445
2180,247123.28771723894,247123.28771723894
2181,177689.00114493564,177689.00114493564
2182,190257.37815329828,190257.37815329828
2183,168817.20560962084,168817.20560962084
2184,113029.36558574981,113029.36558574981
2185,106797.98538832633,106797.98538832633
2186,130414.43255287792,130414.43255287792
2187,115669.78092364113,115669.78092364113
2188,159036.5348156197,159036.5348156197
2189,413739.99980554706,413739.99980554706
2190,174670.2908455014,174670.2908455014
2191,174670.2908455014,174670.2908455014
2192,108426.4060835808,108426.4060835808
2193,150525.76061337156,150525.76061337156
2194,103543.64122738253,103543.64122738253
2195,123846.43165686604,123846.43165686604
2196,124858.42629950288,124858.42629950288
2197,147841.17378296057,147841.17378296057
2198,203398.00972175886,203398.00972175886
2199,227306.90609237915,227306.90609237915
2200,164614.44447390785,164614.44447390785
2201,131195.42311044203,131195.42311044203
2202,184765.31425048437,184765.31425048437
2203,139072.49763159623,139072.49763159623
2204,201831.03414750032,201831.03414750032
2205,142813.25059716377,142813.25059716377
2206,140850.70643288607,140850.70643288607
2207,181277.46877490266,181277.46877490266
2208,266998.98191622307,266998.98191622307
2209,239221.81256160644,239221.81256160644
2210,134619.3262354626,134619.3262354626
2211,122684.64890819386,122684.64890819386
2212,112818.1323587185,112818.1323587185
2213,96509.00238478836,96509.00238478836
2214,186285.621102658,186285.621102658
2215,121945.3326135843,121945.3326135843
2216,203626.51657726642,203626.51657726642
2217,103039.95879428252,103039.95879428252
2218,169367.1920821122,169367.1920821122
2219,136414.80866522866,136414.80866522866
2220,102637.26319826135,102637.26319826135
2221,227056.13114926498,227056.13114926498
2222,226844.89792223368,226844.89792223368
2223,267062.9242667841,267062.9242667841
2224,230983.71670738558,230983.71670738558
2225,222237.30864362782,222237.30864362782
2226,203459.4548427548,203459.4548427548
2227,211530.4889624641,211530.4889624641
2228,187405.72958837566,187405.72958837566
2229,226759.05216675947,226759.05216675947
2230,191060.63679846897,191060.63679846897
2231,209015.46109612987,209015.46109612987
2232,182969.83182071827,182969.83182071827
2233,157727.46119047736,157727.46119047736
2234,177160.91807735738,177160.91807735738
2235,201980.8222535357,201980.8222535357
2236,207578.50276986527,207578.50276986527
2237,246192.50905363951,246192.50905363951
2238,194948.68064050667,194948.68064050667
2239,140956.32304640173,140956.32304640173
2240,178578.10554558056,178578.10554558056
2241,124435.95984544027,124435.95984544027
2242,107537.3016829359,107537.3016829359
2243,152930.54208975332,152930.54208975332
2244,129972.19524077387,129972.19524077387
2245,157899.15270142577,157899.15270142577
2246,120211.29530481418,120211.29530481418
2247,154094.82206799064,154094.82206799064
2248,111806.13771608166,111806.13771608166
2249,86942.06204738368,86942.06204738368
2250,91589.19304207238,91589.19304207238
2251,191058.1395689038,191058.1395689038
2252,192686.5602641583,192686.5602641583
2253,184934.87321456114,184934.87321456114
2254,217676.02340441334,217676.02340441334
2255,219788.3556747264,219788.3556747264
2256,202784.08089870636,202784.08089870636
2257,253097.13064823978,253097.13064823978
2258,150439.91485789733,150439.91485789733
2259,212183.95950159946,212183.95950159946
2260,116831.56367231329,116831.56367231329
2261,177521.93941042403,177521.93941042403
2262,193069.48500213804,193069.48500213804
2263,306583.30857967946,306583.30857967946
2264,257766.16504784158,257766.16504784158
2265,161782.56676702667,161782.56676702667
2266,223253.9330627015,223253.9330627015
2267,303185.9386360089,303185.9386360089
2268,240742.1194137801,240742.1194137801
2269,160684.7263689156,160684.7263689156
2270,194968.45149854812,194968.45149854812
2271,200819.03950486353,200819.03950486353
2272,214674.5867334554,214674.5867334554
2273,149383.7487227408,149383.7487227408
2274,195899.23016214752,195899.23016214752
2275,181852.22056456577,181852.22056456577
2276,164909.39090954172,164909.39090954172
2277,209076.90621712583,209076.90621712583
2278,147882.8480459151,147882.8480459151
2279,94229.6083799637,94229.6083799637
2280,122156.5658406156,122156.5658406156
2281,194209.3643458971,194209.3643458971
2282,194209.3643458971,194209.3643458971
2283,126717.85107983008,126717.85107983008
2284,112098.58692215037,112098.58692215037
2285,164425.47933448313,164425.47933448313
2286,102045.23778012197,102045.23778012197
2287,216872.76475924268,216872.76475924268
2288,203987.53791033308,203987.53791033308
2289,290806.8914497645,290806.8914497645
2290,319279.20560647093,319279.20560647093
2291,280156.8871131599,280156.8871131599
2292,282780.0288225749,282780.0288225749
2293,294606.5923067628,294606.5923067628
2294,302125.1427244155,302125.1427244155
2295,308550.482520394,308550.482520394
2296,266048.4323945822,266048.4323945822
2297,260556.36849176823,260556.36849176823
2298,229082.61766410383,229082.61766410383
2299,295110.27473986277,295110.27473986277
2300,290657.10334372916,290657.10334372916
2301,230772.48348035428,230772.48348035428
2302,195538.2088290809,195538.2088290809
2303,206839.1864752557,206839.1864752557
2304,231828.6496155108,231828.6496155108
2305,204751.2548394209,204751.2548394209
2306,204751.2548394209,204751.2548394209
2307,196849.7796837884,196849.7796837884
2308,217128.16947879366,217128.16947879366
2309,219557.35158965367,219557.35158965367
2310,192836.34837019362,192836.34837019362
2311,201391.29406496146,201391.29406496146
2312,210452.41942239448,210452.41942239448
2313,200988.59846894027,200988.59846894027
2314,179062.01712063912,179062.01712063912
2315,196658.31731479857,196658.31731479857
2316,223168.08730722728,223168.08730722728
2317,165120.62413657302,165120.62413657302
2318,197608.86683643944,197608.86683643944
2319,192539.2693876881,192539.2693876881
2320,157938.69441750867,157938.69441750867
2321,220824.7509518415,220824.7509518415
2322,186710.5847862858,186710.5847862858
2323,171184.9425994849,171184.9425994849
2324,183878.70707940462,183878.70707940462
2325,199826.8157202681,199826.8157202681
2326,185991.03934971764,185991.03934971764
2327,216575.68577673714,216575.68577673714
2328,221539.66661197282,221539.66661197282
2329,217253.55695035073,217253.55695035073
2330,212395.19272863076,212395.19272863076
2331,280262.5037266755,280262.5037266755
2332,335922.4590494243,335922.4590494243
2333,283536.61874566076,283536.61874566076
2334,262730.1458830773,262730.1458830773
2335,243402.30560971284,243402.30560971284
2336,278889.48775097204,278889.48775097204
2337,169662.13851774606,169662.13851774606
2338,187933.81265595392,187933.81265595392
2339,187088.8797478287,187088.8797478287
2340,288569.17170789436,288569.17170789436
2341,241209.1220430559,241209.1220430559
2342,187511.3462018913,187511.3462018913
2343,184131.61456939045,184131.61456939045
2344,247565.525029343,247565.525029343
2345,232039.8828425421,232039.8828425421
2346,166388.02349876086,166388.02349876086
2347,166071.1736582139,166071.1736582139
2348,228026.4515289473,228026.4515289473
2349,220169.1478658345,220169.1478658345
2350,237320.7135183247,237320.7135183247
2351,220296.66788426324,220296.66788426324
2352,230963.9458493441,230963.9458493441
2353,268855.90946698503,268855.90946698503
2354,127562.7839879553,127562.7839879553
2355,132104.29836912837,132104.29836912837
2356,113240.59881278111,113240.59881278111
2357,182019.2822990774,182019.2822990774
2358,230983.71670738558,230983.71670738558
2359,173022.09929220553,173022.09929220553
2360,120044.23357030255,120044.23357030255
2361,121225.78717701617,121225.78717701617
2362,303119.8637385762,303119.8637385762
2363,135147.40930304085,135147.40930304085
2364,137048.50834632257,137048.50834632257
2365,198539.64550003884,198539.64550003884
2366,174564.67423198576,174564.67423198576
2367,218289.95222746584,218289.95222746584
2368,195793.61354863187,195793.61354863187
2369,230394.18851881134,230394.18851881134
2370,197292.01699589248,197292.01699589248
2371,204896.41316901942,204896.41316901942
2372,168500.35576907388,168500.35576907388
2373,255064.30458895428,255064.30458895428
2374,288227.92123286915,288227.92123286915
2375,225029.64463442616,225029.64463442616
2376,288227.92123286915,288227.92123286915
2377,316724.6360240538,316724.6360240538
2378,133054.84789076925,133054.84789076925
2379,265476.17783448426,265476.17783448426
2380,111973.1994505933,111973.1994505933
2381,148158.02362350753,148158.02362350753
2382,195115.74237501828,195115.74237501828
2383,221352.83401941977,221352.83401941977
2384,257915.9531538769,257915.9531538769
2385,140511.95318742603,140511.95318742603
2386,108804.70104512371,108804.70104512371
2387,114613.6147884846,114613.6147884846
2388,182274.68701862838,182274.68701862838
2389,139055.22400311998,139055.22400311998
2390,150989.9013303887,150989.9013303887
2391,99510.4390557463,99510.4390557463
2392,92117.27610965064,92117.27610965064
2393,151812.9308336008,151812.9308336008
2394,135125.50589812774,135125.50589812774
2395,210405.7507003096,210405.7507003096
2396,142813.25059716377,142813.25059716377
2397,185863.1546485954,185863.1546485954
2398,121522.86615952168,121522.86615952168
2399,95963.64568873381,95963.64568873381
2400,96386.11214279642,96386.11214279642
2401,110961.20480795644,110961.20480795644
2402,147082.08663030955,147082.08663030955
2403,161907.95423858374,161907.95423858374
2404,160262.259914853,160262.259914853
2405,130139.2569752855,130139.2569752855
2406,124480.13133795996,124480.13133795996
2407,104157.57005043501,104157.57005043501
2408,108910.31765863937,108910.31765863937
2409,118521.42948856374,118521.42948856374
2410,151535.25802644325,151535.25802644325
2411,123001.49874874082,123001.49874874082
2412,146721.06529724292,146721.06529724292
2413,126125.8256616907,126125.8256616907
2414,133266.08111780055,133266.08111780055
2415,161907.95423858374,161907.95423858374
2416,125747.53070014779,125747.53070014779
2417,107537.3016829359,107537.3016829359
2418,95391.39112863586,95391.39112863586
2419,132418.65098011016,132418.65098011016
2420,95391.39112863586,95391.39112863586
2421,171646.58608693688,171646.58608693688
2422,123212.73197577213,123212.73197577213
2423,188145.04588298523,188145.04588298523
2424,180201.53178170472,180201.53178170472
2425,364144.3629457101,364144.3629457101
2426,216221.79144967246,216221.79144967246
2427,173400.3942537484,173400.3942537484
2428,171519.06606850814,171519.06606850814
2429,91483.57642855673,91483.57642855673
2430,98243.03969355849,98243.03969355849
2431,142137.87665311532,142137.87665311532
2432,107537.3016829359,107537.3016829359
2433,121267.46143997069,121267.46143997069
2434,142560.34310717793,142560.34310717793
2435,143130.10043771073,143130.10043771073
2436,95391.39112863586,95391.39112863586
2437,116875.735164833,116875.735164833
2438,96553.17387730804,96553.17387730804
2439,127014.93006233562,127014.93006233562
2440,134575.1547429429,134575.1547429429
2441,133563.16010030606,133563.16010030606
2442,127754.24635694516,127754.24635694516
2443,138843.99077608867,138843.99077608867
2444,149616.88535468522,149616.88535468522
2445,118204.57964801678,118204.57964801678
2446,200733.1937493893,200733.1937493893
2447,225914.11925863425,225914.11925863425
2448,156880.03105278697,156880.03105278697
2449,127815.69147794115,127815.69147794115
2450,199340.4069156444,199340.4069156444
2451,154811.8702749936,154811.8702749936
2452,284256.16418222885,284256.16418222885
2453,127859.86297046082,127859.86297046082
2454,226889.06941475338,226889.06941475338
2455,165503.54887455277,165503.54887455277
2456,149255.86402161856,149255.86402161856
2457,159628.56023375908,159628.56023375908
2458,141504.1769720214,141504.1769720214
2459,118988.06743514602,118988.06743514602
2460,160198.31756429188,160198.31756429188
2461,109394.22923369794,109394.22923369794
2462,148305.3144999777,148305.3144999777
2463,160917.86300086,160917.86300086
2464,249950.53564768328,249950.53564768328
2465,143024.48382419508,143024.48382419508
2466,108760.52955260403,108760.52955260403
2467,153333.2376857745,153333.2376857745
2468,148961.2822686782,148961.2822686782
2469,153841.5498953113,153841.5498953113
2470,238880.56208658122,238880.56208658122
2471,189621.1812426392,189621.1812426392
2472,241628.72658485986,241628.72658485986
2473,163958.84138790084,163958.84138790084
2474,181808.0490720461,181808.0490720461
2475,250817.3719607216,250817.3719607216
2476,161023.47961437565,161023.47961437565
2477,103207.02052879415,103207.02052879415
2478,178978.30391203656,178978.30391203656
2479,103840.72020988805,103840.72020988805
2480,132801.94040078338,132801.94040078338
2481,107537.3016829359,107537.3016829359
2482,117298.2016188956,117298.2016188956
2483,92434.1259501976,92434.1259501976
2484,125219.44763256953,125219.44763256953
2485,94018.37515293239,94018.37515293239
2486,142918.86721067943,142918.86721067943
2487,304829.500412868,304829.500412868
2488,176824.29737876897,176824.29737876897
2489,134892.00458348985,134892.00458348985
2490,121901.16112106461,121901.16112106461
2491,103101.4039152785,103101.4039152785
2492,185821.48038564087,185821.48038564087
2493,165015.00752305737,165015.00752305737
2494,197228.07464533133,197228.07464533133
2495,156798.81507374957,156798.81507374957
2496,280326.4460772366,280326.4460772366
2497,183117.12269718846,183117.12269718846
2498,88948.77770418108,88948.77770418108
2499,97292.49017191761,97292.49017191761
2500,162629.99690471706,162629.99690471706
2501,111506.561504011,111506.561504011
2502,126081.65416917102,126081.65416917102
2503,140995.86476248456,140995.86476248456
2504,189579.50697968467,189579.50697968467
2505,245558.8093725456,245558.8093725456
2506,199446.02352916004,199446.02352916004
2507,264781.03303239436,264781.03303239436
2508,199446.02352916004,199446.02352916004
2509,188356.27911001653,188356.27911001653
2510,183497.91488829654,183497.91488829654
2511,187133.05124034837,187133.05124034837
2512,228343.30136949426,228343.30136949426
2513,236581.39722371512,236581.39722371512
2514,251878.16787231495,251878.16787231495
2515,105636.20263965415,105636.20263965415
2516,176908.01058737154,176908.01058737154
2517,102256.47100715328,102256.47100715328
2518,127245.93414740835,127245.93414740835
2519,236581.39722371512,236581.39722371512
2520,223907.40360183685,223907.40360183685
2521,217253.55695035073,217253.55695035073
2522,233307.28220472994,233307.28220472994
2523,92117.27610965064,92117.27610965064
2524,133330.02346836164,133330.02346836164
2525,131640.1576521112,131640.1576521112
2526,121225.78717701617,121225.78717701617
2527,93490.29208535413,93490.29208535413
2528,90533.02690691587,90533.02690691587
2529,88948.77770418108,88948.77770418108
2530,90110.56045285326,90110.56045285326
2531,201769.5890265044,201769.5890265044
2532,242812.77742113863,242812.77742113863
2533,221372.60487746118,221372.60487746118
2534,193214.64333173656,193214.64333173656
2535,268433.4430129224,268433.4430129224
2536,249149.7742320778,249149.7742320778
2537,208870.30276653136,208870.30276653136
2538,194651.60165800116,194651.60165800116
2539,178683.7221590962,178683.7221590962
2540,165543.09059063563,165543.09059063563
2541,196235.85086073595,196235.85086073595
2542,200988.59846894027,200988.59846894027
2543,124480.13133795996,124480.13133795996
2544,140533.8565923391,140533.8565923391
2545,140384.0684863038,140384.0684863038
2546,150144.96842226348,150144.96842226348
2547,107959.76813699851,107959.76813699851
2548,218749.46316804618,218749.46316804618
2549,187469.67193893678,187469.67193893678
2550,604805.0834317988,604805.0834317988
2551,138843.99077608867,138843.99077608867
2552,127014.93006233562,127014.93006233562
2553,174670.2908455014,174670.2908455014
2554,123357.89030537065,123357.89030537065
2555,116981.35177834865,116981.35177834865
2556,106736.54026733036,106736.54026733036
2557,88948.77770418108,88948.77770418108
2558,215050.38446543316,215050.38446543316
2559,147882.8480459151,147882.8480459151
2560,190090.31641878665,190090.31641878665
2561,141590.02272749564,141590.02272749564
2562,149361.4806351342,149361.4806351342
2563,152001.89597302553,152001.89597302553
2564,192283.8646681371,192283.8646681371
2565,168797.43475157942,168797.43475157942
2566,182503.19387413596,182503.19387413596
2567,168183.50592852692,168183.50592852692
2568,176146.42620515538,176146.42620515538
2569,182230.5155261087,182230.5155261087
2570,135992.34221116605,135992.34221116605
2571,174581.947860462,174581.947860462
2572,161278.88433392666,161278.88433392666
2573,204198.77113736438,204198.77113736438
2574,354599.3260132185,354599.3260132185
2575,126020.20904817505,126020.20904817505
2576,194165.1928533774,194165.1928533774
2577,218140.1641214305,218140.1641214305
2578,111806.13771608166,111806.13771608166
2579,142795.9769686875,142795.9769686875
2580,207428.71466382992,207428.71466382992
2581,111022.64992895242,111022.64992895242
2582,131345.21121647736,131345.21121647736
2583,224626.94903840497,224626.94903840497
2584,190195.9330323023,190195.9330323023
2585,172091.32062860607,172091.32062860607
2586,216052.2324855957,216052.2324855957
2587,181174.34939095218,181174.34939095218
2588,94652.07483402631,94652.07483402631
2589,133985.62655436867,133985.62655436867
2590,211530.4889624641,211530.4889624641
2591,251534.78485041807,251534.78485041807
2592,203459.4548427548,203459.4548427548
2593,218184.33561395018,218184.33561395018
2594,156037.59537422692,156037.59537422692
2595,191568.9490080058,191568.9490080058
2596,255995.08325255374,255995.08325255374
2597,182547.36536665566,182547.36536665566
2598,272847.4373756668,272847.4373756668
2599,217717.6976673679,217717.6976673679
2600,240447.17297814623,240447.17297814623
2601,166645.5607651835,166645.5607651835
2602,126717.85107983008,126717.85107983008
2603,130394.66169483648,130394.66169483648
2604,126717.85107983008,126717.85107983008
2605,126717.85107983008,126717.85107983008
2606,160011.48497173883,160011.48497173883
2607,168289.12254204258,168289.12254204258
2608,188397.95337297107,188397.95337297107
2609,162627.4996751519,162627.4996751519
2610,109693.80544576864,109693.80544576864
2611,167527.53815982642,167527.53815982642
2612,135800.8798421762,135800.8798421762
2613,111806.13771608166,111806.13771608166
2614,91377.95981504107,91377.95981504107
2615,189562.2333512084,189562.2333512084
2616,133774.39332733737,133774.39332733737
2617,201177.563608365,201177.563608365
2618,214045.5168287983,214045.5168287983
2619,220569.3462322905,220569.3462322905
2620,199826.8157202681,199826.8157202681
2621,215246.84129355339,215246.84129355339
2622,226336.58571269686,226336.58571269686
2623,228827.21294455283,228827.21294455283
2624,272385.42920552124,272385.42920552124
2625,294626.3631648043,294626.3631648043
2626,148538.81581461558,148538.81581461558
2627,180162.35474831535,180162.35474831535
2628,361653.7357138541,361653.7357138541
2629,368324.8559938165,368324.8559938165
2630,272024.4078724546,272024.4078724546
2631,295788.1459134765,295788.1459134765
2632,333409.92841265525,333409.92841265525
2633,234026.82764129803,234026.82764129803
2634,249994.707140203,249994.707140203
2635,142012.48918155825,142012.48918155825
2636,206964.57394681277,206964.57394681277
2637,140005.77352476085,140005.77352476085
2638,283580.79023818043,283580.79023818043
2639,250481.1159448267,250481.1159448267
2640,141568.11932258256,141568.11932258256
2641,90004.9438393376,90004.9438393376
2642,202869.9266541806,202869.9266541806
2643,126717.85107983008,126717.85107983008
2644,155551.18656960316,155551.18656960316
2645,120169.62104185965,120169.62104185965
2646,139436.01619422805,139436.01619422805
2647,126717.85107983008,126717.85107983008
2648,165904.11192370226,165904.11192370226
2649,144186.26657286726,144186.26657286726
2650,164425.47933448313,164425.47933448313
2651,192539.2693876881,192539.2693876881
2652,284275.9350402703,284275.9350402703
2653,223887.6327437954,223887.6327437954
2654,180918.94467140117,180918.94467140117
2655,250291.7861227085,250291.7861227085
2656,243824.77206377545,243824.77206377545
2657,259605.81897012735,259605.81897012735
2658,276715.710359663,276715.710359663
2659,263152.6123371399,263152.6123371399
2660,259878.49731815464,259878.49731815464
2661,242264.92349551892,242264.92349551892
2662,240997.52413333108,240997.52413333108
2663,240911.67837785688,240911.67837785688
2664,218289.95222746584,218289.95222746584
2665,258996.5199235117,258996.5199235117
2666,228957.23019254673,228957.23019254673
2667,192539.2693876881,192539.2693876881
2668,196341.4674742516,196341.4674742516
2669,165120.62413657302,165120.62413657302
2670,261462.74652088943,261462.74652088943
2671,196341.4674742516,196341.4674742516
2672,197061.0129108197,197061.0129108197
2673,212586.65509762062,212586.65509762062
2674,216494.46979769974,216494.46979769974
2675,173614.12471034488,173614.12471034488
2676,207536.82850691074,207536.82850691074
2677,238271.26303996556,238271.26303996556
2678,283453.27021975163,283453.27021975163
2679,247459.90841582735,247459.90841582735
2680,274708.9947028656,274708.9947028656
2681,312369.95423543383,312369.95423543383
2682,298745.41109191463,298745.41109191463
2683,407869.6409411902,407869.6409411902
2684,274242.3567562833,274242.3567562833
2685,334382.38133920927,334382.38133920927
2686,246192.50905363951,246192.50905363951
2687,243068.1821406896,243068.1821406896
2688,183920.38134235915,183920.38134235915
2689,187977.9841484736,187977.9841484736
2690,344966.31077838107,344966.31077838107
2691,219999.5889017577,219999.5889017577
2692,131998.68175561272,131998.68175561272
2693,172936.2535367313,172936.2535367313
2694,130836.89900694053,130836.89900694053
2695,216831.09049628812,216831.09049628812
2696,206163.81253120725,206163.81253120725
2697,232779.19913715168,232779.19913715168
2698,221583.8381044925,221583.8381044925
2699,200651.9777703519,200651.9777703519
2700,181535.3707240188,181535.3707240188
2701,178175.40994955937,178175.40994955937
2702,102045.23778012197,102045.23778012197
2703,171835.9159090551,171835.9159090551
2704,153524.70005476434,153524.70005476434
2705,101622.77132605936,101622.77132605936
2706,93701.52531238543,93701.52531238543
2707,123318.34858928778,123318.34858928778
2708,119535.92136076573,119535.92136076573
2709,94018.37515293239,94018.37515293239
2710,97081.2569448863,97081.2569448863
2711,304534.5539772342,304534.5539772342
2712,337234.0299041319,337234.0299041319
2713,187958.21329043218,187958.21329043218
2714,195857.55589919302,195857.55589919302
2715,227648.15656740437,227648.15656740437
2716,180754.38016645474,180754.38016645474
2717,217676.02340441334,217676.02340441334
2718,190679.8446073609,190679.8446073609
2719,179000.57199964317,179000.57199964317
2720,165965.55704469825,165965.55704469825
2721,108699.08443160806,108699.08443160806
2722,170398.95758279046,170398.95758279046
2723,128704.79587858604,128704.79587858604
2724,92539.74256371325,92539.74256371325
2725,108699.08443160806,108699.08443160806
2726,118204.57964801678,118204.57964801678
2727,190362.99476681394,190362.99476681394
2728,168542.03003202844,168542.03003202844
2729,135545.47512262518,135545.47512262518
2730,129505.55729419159,129505.55729419159
2731,111806.13771608166,111806.13771608166
2732,135781.10898413477,135781.10898413477
2733,149044.63079458728,149044.63079458728
2734,197144.36143672877,197144.36143672877
2735,126125.8256616907,126125.8256616907
2736,193890.017275785,193890.017275785
2737,124480.13133795996,124480.13133795996
2738,164442.7529629594,164442.7529629594
2739,129294.32406716028,129294.32406716028
2740,132084.52751108693,132084.52751108693
2741,155445.5699560875,155445.5699560875
2742,152488.3047776493,152488.3047776493
2743,142390.78414310116,142390.78414310116
2744,116409.0972182507,116409.0972182507
2745,108593.46781809241,108593.46781809241
2746,132084.52751108693,132084.52751108693
2747,205657.63286854207,205657.63286854207
2748,118627.04610207939,118627.04610207939
2749,131767.67767053997,131767.67767053997
2750,122915.6529932666,122915.6529932666
2751,118988.06743514602,118988.06743514602
2752,226736.7840791529,226736.7840791529
2753,171796.3741929722,171796.3741929722
2754,261735.42486891666,261735.42486891666
2755,149953.50605327362,149953.50605327362
2756,100927.62652396949,100927.62652396949
2757,101138.8597510008,101138.8597510008
2758,129593.90027923095,129593.90027923095
2759,193531.49317228352,193531.49317228352
2760,169342.79144763396,169342.79144763396
2761,118732.66271559504,118732.66271559504
2762,138863.76163413012,138863.76163413012
2763,212331.2503780696,212331.2503780696
2764,208467.60717051016,208467.60717051016
2765,310999.4354892955,310999.4354892955
2766,172027.37827804493,172027.37827804493
2767,162841.23013174837,162841.23013174837
2768,161485.48778452113,161485.48778452113
2769,119155.12916965765,119155.12916965765
2770,108065.38475051415,108065.38475051415
2771,88948.77770418108,88948.77770418108
2772,105953.0524802011,105953.0524802011
2773,181930.939314038,181930.939314038
2774,173864.53497076558,173864.53497076558
2775,144775.79476144147,144775.79476144147
2776,147249.1483648212,147249.1483648212
2777,120589.5902663571,120589.5902663571
2778,131662.06105702432,131662.06105702432
2779,203204.0501232038,203204.0501232038
2780,134619.3262354626,134619.3262354626
2781,114763.40289451994,114763.40289451994
2782,116875.735164833,116875.735164833
2783,170951.44128484698,170951.44128484698
2784,99087.97260168371,99087.97260168371
2785,120926.21096494548,120926.21096494548
2786,105513.31239766222,105513.31239766222
2787,136223.3462962388,136223.3462962388
2788,114340.93644045733,114340.93644045733
2789,191436.4345304467,191436.4345304467
2790,184809.48574300404,184809.48574300404
2791,99087.97260168371,99087.97260168371
2792,133351.92687327476,133351.92687327476
2793,218584.5339804062,218584.5339804062
2794,120422.52853184548,120422.52853184548
2795,137532.41992138117,137532.41992138117
2796,111806.13771608166,111806.13771608166
2797,231781.98089342593,231781.98089342593
2798,176104.75194220088,176104.75194220088
2799,138166.11960247508,138166.11960247508
2800,112122.98755662862,112122.98755662862
2801,101622.77132605936,101622.77132605936
2802,147882.8480459151,147882.8480459151
2803,200035.55171773428,200035.55171773428
2804,170907.2697923273,170907.2697923273
2805,134619.3262354626,134619.3262354626
2806,118459.98436756778,118459.98436756778
2807,166326.57837776488,166326.57837776488
2808,110072.10040731155,110072.10040731155
2809,124268.89811092865,124268.89811092865
2810,109544.01733973328,109544.01733973328
2811,165373.53162655886,165373.53162655886
2812,107537.3016829359,107537.3016829359
2813,149040.00101815045,149040.00101815045
2814,147138.9019748687,147138.9019748687
2815,117720.66807295821,117720.66807295821
2816,218901.38382095317,218901.38382095317
2817,159166.5520636136,159166.5520636136
2818,111172.43803498775,111172.43803498775
2819,246236.6805461592,246236.6805461592
2820,153966.93736686843,153966.93736686843
2821,119155.12916965765,119155.12916965765
2822,209329.81370711167,209329.81370711167
2823,398108.74100523046,398108.74100523046
2824,189834.91169923567,189834.91169923567
2825,154853.54453794815,154853.54453794815
2826,109332.78411270198,109332.78411270198
2827,125467.72534611852,125467.72534611852
2828,281107.43663480075,281107.43663480075
2829,205087.87553800928,205087.87553800928
2830,236898.24706426208,236898.24706426208
2831,180584.82120237796,180584.82120237796
2832,220041.26316471223,220041.26316471223
2833,234618.85305943745,234618.85305943745
2834,229821.9339587134,229821.9339587134
2835,195538.2088290809,195538.2088290809
2836,207325.59527987943,207325.59527987943
2837,171668.85417454346,171668.85417454346
2838,127562.7839879553,127562.7839879553
2839,197080.78376886118,197080.78376886118
2840,175576.6688746226,175576.6688746226
2841,223484.93714777424,223484.93714777424
2842,226653.43555324382,226653.43555324382
2843,157980.36868046317,157980.36868046317
2844,160473.4931418843,160473.4931418843
2845,88948.77770418108,88948.77770418108
2846,224857.95312347772,224857.95312347772
2847,224118.63682886816,224118.63682886816
2848,210665.78519629742,210665.78519629742
2849,212456.6378496267,212456.6378496267
2850,272596.66243255255,272596.66243255255
2851,227242.96374181804,227242.96374181804
2852,243552.0937157482,243552.0937157482
2853,221539.66661197282,221539.66661197282
2854,143112.82680923445,143112.82680923445
2855,171880.08740157477,171880.08740157477
2856,222217.5377855864,222217.5377855864
2857,208909.84448261422,208909.84448261422
2858,166176.79027172955,166176.79027172955
2859,176738.45162329476,176738.45162329476
2860,104030.05003200626,104030.05003200626
2861,149828.11858171652,149828.11858171652
2862,220844.52180988292,220844.52180988292
2863,122156.5658406156,122156.5658406156
2864,283158.3237841178,283158.3237841178
2865,138843.99077608867,138843.99077608867
2866,205571.78711306787,205571.78711306787
2867,96553.17387730804,96553.17387730804
2868,166388.02349876086,166388.02349876086
2869,159731.6796177096,159731.6796177096
2870,181596.8158450148,181596.8158450148
2871,147037.91513778988,147037.91513778988
2872,106147.01207875613,106147.01207875613
2873,132145.97263208288,132145.97263208288
2874,188884.3621775948,188884.3621775948
2875,139222.2857376316,139222.2857376316
2876,153902.99501630728,153902.99501630728
2877,157177.1100352925,157177.1100352925
2878,156246.33137169306,156246.33137169306
2879,179801.3334152487,179801.3334152487
2880,105803.26437416575,105803.26437416575
2881,175090.26006999885,175090.26006999885
2882,220655.1919877647,220655.1919877647
2883,173631.3983388212,173631.3983388212
2884,181321.64026742236,181321.64026742236
2885,201600.0300624276,201600.0300624276
2886,241648.49744290128,241648.49744290128
2887,128704.79587858604,128704.79587858604
2888,133413.3719942707,133413.3719942707
2889,96597.34536982773,96597.34536982773
2890,93323.2303508425,93323.2303508425
2891,170146.05009280465,170146.05009280465
2892,102617.4923402199,102617.4923402199
2893,144586.82962201675,144586.82962201675
2894,124480.13133795996,124480.13133795996
2895,240786.29090629978,240786.29090629978
2896,226844.89792223368,226844.89792223368
2897,196699.99157775307,196699.99157775307
2898,172892.08204421162,172892.08204421162
2899,182547.36536665566,182547.36536665566
2900,152869.09696875734,152869.09696875734
2901,199890.39338813574,199890.39338813574
2902,201180.06083793016,201180.06083793016
2903,232081.5571054966,232081.5571054966
2904,219196.33025658704,219196.33025658704
2905,180371.0907457815,180371.0907457815
2906,197483.4793648823,197483.4793648823
2907,149108.5731451484,149108.5731451484
2908,90004.9438393376,90004.9438393376
2909,171624.6826820238,171624.6826820238
2910,120088.40506282225,120088.40506282225
2911,126717.85107983008,126717.85107983008
2912,141334.61800794463,141334.61800794463
2913,126717.85107983008,126717.85107983008
2914,126717.85107983008,126717.85107983008
2915,126717.85107983008,126717.85107983008
2916,126717.85107983008,126717.85107983008
2917,99043.80110916401,99043.80110916401
2918,100144.13873684022,100144.13873684022
2919,249994.707140203,249994.707140203
